,comment_id,comment_text,comment_text_len,created_at,floor_number,likes,user_id
0,4477488107070161,回复@贲晗:不隔离全国人都多的治不完。还有就是什么叫狠？只隔离不治才叫狠！国家已经尽能力去干了，不知道还抱怨什么。你行的话说个更好的办法,68,Sun Mar 01 02:10:15 +0800 2020,0,10,3073830433
1,4477487079817553,回复@Ppoisoner:不一定，他想拖垮你经济的话,26,Sun Mar 01 02:06:10 +0800 2020,0,10,3073830433
2,4477397393355446,回复@1949-2048成功:...只记得一战...忘了瘟疫,30,Sat Feb 29 20:09:47 +0800 2020,0,10,1594382932
3,4477330812448188,世界加油，中国加油[点亮平安灯],16,Sat Feb 29 15:45:12 +0800 2020,269,10,7078315183
4,4477093758777138,，,1,Sat Feb 29 00:03:15 +0800 2020,267,10,5726144995
5,4477010518246040,希望大家平安健康,8,Fri Feb 28 18:32:28 +0800 2020,265,10,2491508663
6,4477005279754720,回复@Ashleyhey:爆发的地方离巴黎很近,23,Fri Feb 28 18:11:40 +0800 2020,0,10,3159396601
7,4476995716713720,回复@一喜依:类比有误，首先我们没开车撞别人，我们自己国内发生事故，总结了各种经验教训，结果别国不重视酿成大祸。再说病毒是全世界所有国家共同的敌人，又不是故意投毒他国，疫情起源国不应该上道德批判台。不然埃博拉、猪流感、h1n1什么的都找谁去？说白了人类都是受害者。,132,Fri Feb 28 17:33:40 +0800 2020,0,10,5577978213
8,4476994924076554,很垮！新增的20里面12例都在我们省！真的绝了,23,Fri Feb 28 17:30:31 +0800 2020,264,10,2595977493
9,4476991069926227,啊,1,Fri Feb 28 17:15:12 +0800 2020,263,10,6720378028
10,4476975785432376,本来呼吁大家不要带口罩，昨天新闻讲话自己带口罩了,24,Fri Feb 28 16:14:28 +0800 2020,261,10,5627220321
11,4476975282657647,欧洲和日本一样对外宣传就是稍微严重的普通流感，为啥啊？ 还不是因为gdp比人命重要。 和当年美国h1n1一样的套路。 也不是要你像中国一样封城，但是医院也太麻痹大意了，有流感症状不检测，让人家在家里拖延最后变严重致死。心态那个中国老爷子，打了急救电话 没人管,129,Fri Feb 28 16:12:28 +0800 2020,260,10,5627220321
12,4476972799790633,回复@云里雾里不如心里666:做了什么？按照你的惊人的逻辑不就是什么都不做么？,39,Fri Feb 28 16:02:36 +0800 2020,0,10,1765619383
13,4476953702796093,回复@金材昱的夫人:但是疫情是从武汉集中爆发后，才陆续传播到全国再到其他国家的不是吗？如果我们不是发源地，是从国外传播的，先爆发的城市也不大可能会是武汉这个中心城市，北上广很有可能，如果是东南亚传播过来还有可能是云南，没道理在武汉。,116,Fri Feb 28 14:46:43 +0800 2020,0,10,7373949039
14,4476952771864641,回复@0啪嗒0:疫情爆发如果是因为吃野生动物，那么确实是这部分人的错,34,Fri Feb 28 14:43:00 +0800 2020,0,10,7373949039
15,4476944987279428,回复@自在之人:你美国爷爷多少人感染死了多少，政府都做了什么自己不清楚吗？孙子当得不及格啊,45,Fri Feb 28 14:12:05 +0800 2020,0,10,1646734102
16,4476941866686739,回复@0987123654e:我没否认钟先生说的不一定发生在中国的可能性，你们也不能否认有国人跑到国外传染的事实ok？,59,Fri Feb 28 13:59:40 +0800 2020,0,10,5413012051
17,4476939937120799,回复@心岛未晴WB:全国复工了，算不算乱跑,21,Fri Feb 28 13:52:00 +0800 2020,0,10,3163523365
18,4476939823721071,肯定是美帝的阴谋！！！源头来自美帝！！全世界都应该感谢中国！我为中国感到骄傲！！！中国万岁！！！,48,Fri Feb 28 13:51:34 +0800 2020,259,10,1828689344
19,4476934437948470,回复@吃瓜的超哥:美国：你想多了，我们这里只是流感，只要不检测，就不会爆发[二哈],41,Fri Feb 28 13:30:10 +0800 2020,0,10,3019202931
20,4476934203470789,回复@苏阿了:对[吃瓜][吃瓜]在等最终源头,22,Fri Feb 28 13:29:14 +0800 2020,0,10,6167666140
21,4476934010595508,回复@Jin-Zhang:注意保护自己，必要时可以回来,27,Fri Feb 28 13:28:28 +0800 2020,0,10,3019202931
22,4476933381631358,回复@书书说她喜欢华华:他们觉得这就是流感[摊手],25,Fri Feb 28 13:25:58 +0800 2020,0,10,3019202931
23,4476933028955196,回复@恋军的静菇凉:黑子们认定就是中国了，除非最终能找到源头，才能让他们彻底闭嘴，但是随着疫情的发展，源头越来越难追踪了[摊手],64,Fri Feb 28 13:24:34 +0800 2020,0,10,3019202931
24,4476932156731885,回复@财神姐:钟南山说过，平均每个患者可以感染2-3人，如果他们没有有效的隔离措施，即将出现的结果是60-90例,56,Fri Feb 28 13:21:06 +0800 2020,0,10,3019202931
25,4476928431639175,请问武汉大学湖北省人民医院的肿瘤病人什么时候可以返院治疗，医生说要在家等通知，但是迟迟没有下文，肿瘤一天天长大，病人在家疼痛难忍，实在是没有办法。,73,Fri Feb 28 13:06:18 +0800 2020,257,10,5839907828
26,4476927895301867,履了一下，欧洲本月爆发新冠疫情最开始是意大利(最严重的也是意大利)，然后是瑞士、奥地利，之后是希腊、西班牙，而后是荷兰。得，这回法国也沦陷了，德国也没能幸免，英国也出现了新冠病例。比利时、卢森堡、捷克、斯洛伐克、匈牙利、波兰、葡萄牙、爱尔兰一定要警惕呀。祈祷欧洲渡过难关吧！🙏🙏,139,Fri Feb 28 13:04:10 +0800 2020,256,10,6264956364
27,4476926935105071,回复@棒棒好棒棒:连日本这个儿子都质疑他美国爹了，美国疾控中心回应没有证据支持，但他们又不检测，不检测就没有，别人当然怀疑啦！[摊手],67,Fri Feb 28 13:00:21 +0800 2020,0,10,3243299104
28,4476924585678871,这不叫战斗民族，这叫脑子有坑[允悲],18,Fri Feb 28 12:51:01 +0800 2020,0,10,7289407933
29,4476923508377106,回复@云里雾里不如心里666:哪里几千万人感染了？美国总共才多少人,33,Fri Feb 28 12:46:44 +0800 2020,0,10,1765619383
30,4476921490520273,回复@撩0592512:不是沈阳，是法国，我妈妈说戴口罩都不让坐交通工具，车都坐不了会被赶，还会被骂，外国人说戴口罩是有病的，会受歧视，特别恐怖,72,Fri Feb 28 12:38:43 +0800 2020,0,10,6696298281
31,4476921142102733,回复@多肉的闹闹:？,10,Fri Feb 28 12:37:20 +0800 2020,0,10,6021496579
32,4476918436992158,回复@棒棒好棒棒:我看你就是双标，别人说不得不能质疑美国了？,30,Fri Feb 28 12:26:34 +0800 2020,0,10,3243299104
33,4476917186810079,法国才刚刚结束狂欢节,10,Fri Feb 28 12:21:36 +0800 2020,254,10,3228560050
34,4476917157717174,遍布全球就不好了,8,Fri Feb 28 12:21:30 +0800 2020,253,10,7376431506
35,4476916645932608,回复@做梦什么都会有:Xswl，你年纪不大吧，叫你客观点看待又不听，和别人用理论依据争论也不行，你要干嘛嘛哈哈,55,Fri Feb 28 12:19:27 +0800 2020,0,10,5092660224
36,4476909620853314,回复@兜采薇:爆发不代表就一定是发源地[黑线],23,Fri Feb 28 11:51:33 +0800 2020,0,10,6369433923
37,4476909335753536,回复@财神姐:人各有志，不要勉强别人，人家就觉得是普通的流感，欧美人体质好,37,Fri Feb 28 11:50:25 +0800 2020,0,10,2860372707
38,4476907602997275,回复@彷徨锁雕鞍:你认为不是那就不是吧,19,Fri Feb 28 11:43:31 +0800 2020,0,10,5780534964
39,4476907293052189,全球蔓延那些不发达的发展中国家怎么办,18,Fri Feb 28 11:42:18 +0800 2020,252,10,2238818627
40,4476907049793971,回复@哈喽苏见信:你连续上班32天还这么有空跟我争辩喔，你太牛了，你继续坚持你的想法吧。我说过允许有不同的声音存在的，散了吧耽误你时间[拜拜],71,Fri Feb 28 11:41:20 +0800 2020,0,10,3243299104
41,4476906642978590,昨天看尼斯狂欢节的视频，她们还说，隔离是明天的事！,25,Fri Feb 28 11:39:43 +0800 2020,251,10,1650609401
42,4476906064180662,回复@在环形山上看你:给你这个贵州人点赞,20,Fri Feb 28 11:37:25 +0800 2020,0,10,2238818627
43,4476903988036892,回复@哈喽苏见信:现在我和网友是质疑美国呀，你在否认不是美国，但是你也没有证据，你在前线吗？你哪个科的？[微笑],56,Fri Feb 28 11:29:10 +0800 2020,0,10,3243299104
44,4476902699840393,回复@哈喽苏见信:你多看点新闻吧，日本媒体报道的也有视频！,29,Fri Feb 28 11:24:03 +0800 2020,0,10,3243299104
45,4476902481463685,回复@哈喽苏见信:钟南山院士也说了：疫情首先出现在中国，不一定是发源在中国。,38,Fri Feb 28 11:23:11 +0800 2020,0,10,3243299104
46,4476901425212454,回复@自在之人:美国放任几千万人感染了，这都不能说明什么吗？,30,Fri Feb 28 11:18:59 +0800 2020,0,10,1646734102
47,4476901101833396,回复@奶味小小熊:都什么时候了还有人不戴口罩？沈阳是这样吗,29,Fri Feb 28 11:17:41 +0800 2020,0,10,6071528944
48,4476900749610505,回复@只想搞钱的袖子w:对啊，语文没学好还来指责别人[二哈],30,Fri Feb 28 11:16:18 +0800 2020,0,10,6369433923
49,4476900355390108,回复@彷徨锁雕鞍:你不会判断营销号吗？,19,Fri Feb 28 11:14:44 +0800 2020,0,10,5780534964
50,4476899650817675,回复@微徽搞笑排行榜:钟南山说的是本次疫情不会像当年非典持续那么久好吧！,36,Fri Feb 28 11:11:56 +0800 2020,0,10,2018673952
51,4476898514433550,回复@哈喽苏见信:我看那视频和新闻质疑啊，美国也没有证据证明就不是，他们压根没检测多少好不好！你说你检验科的朋友都怀疑变异的存在了！是谁传给谁还说不定呢！你认真看那段视频了吗？美国首例新冠病人身上检查出来五种毒株是古老的！,111,Fri Feb 28 11:07:24 +0800 2020,0,10,3243299104
52,4476898459575396,回复@DearBrox:醉了 一群憨批,19,Fri Feb 28 11:07:11 +0800 2020,0,10,3592580655
53,4476898321082510,回复@金材昱的夫人:哈哈哈哈哈真的笑死我了，真的不一定是中国，明明强调源头不一定是中国，在他们眼里就变成了肯定句,56,Fri Feb 28 11:06:39 +0800 2020,0,10,5416088586
54,4476897729741955,西方傳染快的主要原因是他們沒有戴口罩的文化，當年H1N1流行時他們都沒戴過還反嘲願意戴的亞洲人奇葩🌚,50,Fri Feb 28 11:04:17 +0800 2020,249,10,2875683840
55,4476897491062084,回复@多肉的闹闹:笑死我了，楼里的，真的不一定是中国，是肯定吗？这句话难道不是强调源头不一定是中国吗，怎么到你眼里就是肯定了,62,Fri Feb 28 11:03:21 +0800 2020,0,10,5416088586
56,4476896886877918,回复@江海如梦:真的不一定是中国这句话是肯定哈哈哈哈哈？？真的不是中国这句话又是什么，否定吗？,47,Fri Feb 28 11:00:57 +0800 2020,0,10,5416088586
57,4476896680996626,回复@棒棒好棒棒:我看你压根就没认真看完那段视频吧！你在质疑滥用西药导致病毒变异？这这这...你说话真是没依据想说什么说什么呀？你是在黑西药吗？,72,Fri Feb 28 11:00:08 +0800 2020,0,10,3243299104
58,4476896424870544,回复@中二病观测者:看新闻别只看标题，钟南山说的内容看一下,29,Fri Feb 28 10:59:06 +0800 2020,0,10,6411659684
59,4476896403832244,: 重视起来吧，不然全球泛滥！,15,Fri Feb 28 10:59:02 +0800 2020,248,10,7195486050
60,4476895841998548,@杨扬阳洋样佯young 采购完了就不出门了吧,23,Fri Feb 28 10:56:48 +0800 2020,247,10,5118678469
61,4476895750131158,回复@财神姐:我也球球欧洲的各位爱惜自己的小命，不要让自己死绝了，到时候影响中国我真的djowixkwhd,53,Fri Feb 28 10:56:26 +0800 2020,0,10,6331174721
62,4476895720557117,回复@Jojo辣手摧花:不是？？你自己跟傻子一样甩锅？那我觉得这次疫情就是美国人造的病毒故意的你满不满意？没有一个准确的结论和调查你就信口开河？,72,Fri Feb 28 10:56:19 +0800 2020,0,10,6411659684
63,4476894906555570,嗯,1,Fri Feb 28 10:53:05 +0800 2020,246,10,7286347416
64,4476894868929669,回复@哈喽苏见信:你说的这些完全没有说服力！如果你是警察查案，任何线索都应该去怀疑在一一去排除，而不是只想你那一套。,58,Fri Feb 28 10:52:55 +0800 2020,0,10,3243299104
65,4476894546528003,真的希所有欧洲国家都能重视起来，不要再麻痹大意了！别以为这病毒跟自己无关，等到蔓延或者到自己头上，后悔都来不及了！,57,Fri Feb 28 10:51:39 +0800 2020,245,10,1603640214
66,4476894147567484,回复@厉害的小哥哥V:钟南山一月下旬说他有信心这场疫情绝不会比03年非典严重的，，，他的话也不是绝对对的,52,Fri Feb 28 10:50:04 +0800 2020,0,10,7055336178
67,4476893933518997,国外就没有听话的，自己不把命当命，他们思想跟我们中国人差太多了，就这还要引进移民来中国永久居留不欢迎来，条例意见大家都去投票啊[作揖],67,Fri Feb 28 10:49:12 +0800 2020,244,10,6931529780
68,4476893833654253,回复@国际撩汉指导师:我都快气死了，我让我妈妈戴口罩，她说不敢带，带了会被歧视，还会被驱赶，有人戴口罩坐车就会被赶下去，说有病才戴口罩！没病的人不戴口罩。真的又担心又生气,85,Fri Feb 28 10:48:49 +0800 2020,0,10,6696298281
69,4476893137330051,回复@江海如梦:要不要给你分析一下他句子的成分？,24,Fri Feb 28 10:46:03 +0800 2020,0,10,6369433923
70,4476892969078924,回复@江海如梦:人家的语句就不是肯定句好吧~_~，你自己曲解别人的意思了，，他的意思跟钟院士的一样，没有肯定。,55,Fri Feb 28 10:45:22 +0800 2020,0,10,6369433923
71,4476891483943028,他法是不是又要罢工？,10,Fri Feb 28 10:39:28 +0800 2020,243,10,6875876366
72,4476890796406945,希望所有人都好好的,9,Fri Feb 28 10:36:44 +0800 2020,242,10,6632447852
73,4476889261502336,回复@做梦什么都会有:我不站任何一边，这件事保持中立客观才是应该有的态度，只想看理论依据,44,Fri Feb 28 10:30:39 +0800 2020,0,10,5092660224
74,4476886359153781,现在懂了什么叫人类命运共同体,14,Fri Feb 28 10:19:07 +0800 2020,241,10,5500709110
75,4476885281371664,回复@国际撩汉指导师:他们有的还不允许戴口罩，真是作死,27,Fri Feb 28 10:14:49 +0800 2020,0,10,2813573524
76,4476884362723051,星 星 之 火 可 以 燎 原,15,Fri Feb 28 10:11:11 +0800 2020,239,10,5253066364
77,4476883279895284,比隔壁意大利强多了,9,Fri Feb 28 10:06:53 +0800 2020,238,10,2271696212
78,4476883041126136,回复@哈喽苏见信:你解释不清楚就不用说了，你坚持你的想法，我也是质疑的，大家谁都别说谁！允许不同的声音存在。,54,Fri Feb 28 10:05:56 +0800 2020,0,10,3243299104
79,4476882479015101,一定要好起来啊,7,Fri Feb 28 10:03:42 +0800 2020,237,10,5880919040
80,4476881912873452,回复@0987123654e:你是从外星来的吗？还是你根本不懂中国话，别再跟我说话了，回你都是跌份,49,Fri Feb 28 10:01:26 +0800 2020,0,10,5116357332
81,4476881875016084,英国瑟瑟发抖,6,Fri Feb 28 10:01:17 +0800 2020,236,10,2322705815
82,4476881803539202,法国不是16全部治愈吗？,12,Fri Feb 28 10:01:01 +0800 2020,235,10,5331863404
83,4476881154013008,回复@pblllllll:吃的是蝙蝠都未必，中间宿主隐身了,29,Fri Feb 28 09:58:25 +0800 2020,0,10,5617040302
84,4476881040338224,回复@做梦什么都会有:这个你可能得问一下另一个回你的医生，这方面我不是很了解，我搜了一下这方面的一些新闻，也有质疑滥用西药导致的病毒变异。,69,Fri Feb 28 09:57:59 +0800 2020,0,10,5092660224
85,4476880910680805,为什么非要等到发生了才重视这个问题,17,Fri Feb 28 09:57:27 +0800 2020,234,10,6600900315
86,4476880743073748,回复@Ppoisoner:这得看用它想达到的目的,24,Fri Feb 28 09:56:48 +0800 2020,0,10,5617040302
87,4476880494816437,回复@小吉酱X:傻帽，人家钟南山都说了源头不一定在中国！,28,Fri Feb 28 09:55:49 +0800 2020,0,10,2018673952
88,4476880339892123,天啊，这是要成全球战疫吗🙏🙏,14,Fri Feb 28 09:55:12 +0800 2020,233,10,7353375948
89,4476880289467836,@典和琦,4,Fri Feb 28 09:55:00 +0800 2020,232,10,5849662562
90,4476879942001042,回复@哈喽苏见信:首先是日本媒体质疑美国的，不是有人相信，而是我质疑，你是医生，你解释一下为什么美国检查出来的毒株五种，有两种毒株跟武汉的是相同的，武汉是两种毒株。,82,Fri Feb 28 09:53:36 +0800 2020,0,10,3243299104
91,4476879694467120,回复@鲁佳斌jeff:来巴黎做什么？,18,Fri Feb 28 09:52:38 +0800 2020,0,10,1812556884
92,4476878565545145,回复@棒棒好棒棒:我告诉你首先是日本媒体质疑的美国，你看完了视频没质疑那是你的想法！网友就不能质疑了吗？你解释一下为什么美国检查出来的毒株有五种，包含武汉的两种毒株？,83,Fri Feb 28 09:48:09 +0800 2020,0,10,3243299104
93,4476878046318588,回复@小吉酱X:你选择性失明吧，，[汗]源头不一定是中国，好国外确诊病例都没有中国接触史,44,Fri Feb 28 09:46:05 +0800 2020,0,10,1752477343
94,4476877953766100,充分理解了社会主义[doge],15,Fri Feb 28 09:45:43 +0800 2020,231,10,7262793509
95,4476877605499292,还好没有点亮非洲,8,Fri Feb 28 09:44:20 +0800 2020,230,10,6787277987
96,4476877073258254,回复@贲晗:韩国人反正都隔离了，意大利早就来不了了，想隔离也得有个机会,35,Fri Feb 28 09:42:13 +0800 2020,0,10,3315220261
97,4476876980379777,真是哄动全球了，该死的病毒,13,Fri Feb 28 09:41:51 +0800 2020,229,10,2354619221
98,4476876963222680,回复@Jojo辣手摧花:你看新闻就看个标题吗？钟南山那篇新闻内容你看过吗，他原话就这么给你们曲解了,49,Fri Feb 28 09:41:47 +0800 2020,0,10,6411659684
99,4476876678936574,回复@紫_慕风:质疑是人之常情，感觉真相不远了,23,Fri Feb 28 09:40:39 +0800 2020,0,10,6899515364
100,4476876599240342,突然觉得可能并不是中国先爆发，而是中国先重视！先控制！某些国家并不在意而已,37,Fri Feb 28 09:40:20 +0800 2020,227,10,5993088494
101,4476876582405781,回复@多肉的闹闹:不是我们12月就有疑似了没重视，钟老说可能源头不是中国是因为他们没考虑国外的疫情，模棱两可的话，你看新闻就看一半？？,67,Fri Feb 28 09:40:16 +0800 2020,0,10,6411659684
102,4476876435643437,回复@Di-Summer:你难道不知道10月底军运会吗……,29,Fri Feb 28 09:39:40 +0800 2020,0,10,2958019553
103,4476876405692966,回复@0907微笑:现在也就你再说了,18,Fri Feb 28 09:39:34 +0800 2020,0,10,7135342121
104,4476876397280846,回复@云里雾里不如心里666:说话之前为什么就不能想一想呢,29,Fri Feb 28 09:39:32 +0800 2020,0,10,1765619383
105,4476876318099228,回复@做梦什么都会有:看完了啊，然后呢，这个视频全程不是那个人自己在猜测？有拿出相关理论依据证明？这种视频我半天都能做出来。再说到1月8日死亡的病例，武汉发现的首例病例更早，这能说明什么？总之，我不是很懂你要跟我表达什么，我理解你的质疑，但是过多的个人主观偏向那就没意思了,136,Fri Feb 28 09:39:12 +0800 2020,0,10,5092660224
106,4476876297331354,回复@一笑成真:？,9,Fri Feb 28 09:39:08 +0800 2020,0,10,7045299035
107,4476876296527419,怎么传过去的，？？？,10,Fri Feb 28 09:39:08 +0800 2020,226,10,7100331463
108,4476875915202254,前两天新闻才说法国十几例全治好了啊？[跪了][跪了][跪了][跪了][跪了][跪了],42,Fri Feb 28 09:37:37 +0800 2020,225,10,5168200427
109,4476875903074138,法国，浪漫享受今天第一，明天碰运气，只是普通流感[笑cry],30,Fri Feb 28 09:37:34 +0800 2020,224,10,7027750518
110,4476875826759445,回复@紫_慕风:所谓生命诚可贵，健康价更高，若为自由故，两者皆可抛！,34,Fri Feb 28 09:37:15 +0800 2020,0,10,7245470548
111,4476875822556726,回复@用户名好难起所以不起了:你自己能自己搜搜吗[疑问] 轮到你来回复我[疑问],40,Fri Feb 28 09:37:15 +0800 2020,0,10,3218420942
112,4476875600127159,图片评论 http://t.cn/A6hwmXBn,25,Fri Feb 28 09:36:22 +0800 2020,223,10,6854732059
113,4476875579094622,回复@多肉的闹闹:留评，期待楼上们打脸,19,Fri Feb 28 09:36:17 +0800 2020,0,10,5621718777
114,4476875320009551,你们可要长点心了,8,Fri Feb 28 09:35:15 +0800 2020,222,10,1954585353
115,4476875013271587,尼斯狂欢是哪个国家来着？,12,Fri Feb 28 09:34:01 +0800 2020,221,10,5304531890
116,4476875012994457,回复@国际撩汉指导师:咱们这么重视还被嘲笑呢。,23,Fri Feb 28 09:34:01 +0800 2020,0,10,1622712570
117,4476874883115949,回复@棒棒好棒棒:你不是要依据吗？你看完了就知道网友为什么质疑美国了。这些也可能是证据啊！如果你连看都不愿意看，那还说个屁！你让别人和你讨论流行病学不觉好笑吗！我又不是医生，你是医生吗？,93,Fri Feb 28 09:33:30 +0800 2020,0,10,3243299104
118,4476874824707952,@尚九熙 熙熙出门要戴口罩呀，本来以为巴黎是家的你逃过了疫情，这一看还没有抚顺安全呢，抚顺可是0病例,50,Fri Feb 28 09:33:16 +0800 2020,220,10,5070291531
119,4476874766381185,韩国日本重视起来,8,Fri Feb 28 09:33:03 +0800 2020,219,10,5895866504
120,4476874371857910,就是那个先乐一乐，明天在考虑疫情的法国嘛,20,Fri Feb 28 09:31:29 +0800 2020,218,10,3315220261
121,4476874216686900,回复@多肉的闹闹:真的搞笑你这个,16,Fri Feb 28 09:30:52 +0800 2020,0,10,6120657105
122,4476874124637586,傲慢与偏见，这玩意是骨子里的。,15,Fri Feb 28 09:30:30 +0800 2020,217,10,7377183225
123,4476874078355616,回复@国际撩汉指导师:法国：病毒是明天的事情[doge],28,Fri Feb 28 09:30:19 +0800 2020,0,10,2955910281
124,4476873826373908,欧洲的各国，重视啊！不然这病就成全全球性了，发达国家还好，让广大发展中国家怎么办,40,Fri Feb 28 09:29:18 +0800 2020,216,10,7003406420
125,4476873763053553,听说美国之前就有十几例，那美国会不会是病毒的发源地呢？,27,Fri Feb 28 09:29:04 +0800 2020,215,10,7077422949
126,4476873386101991,回复@狗言卂:可能变异了，不过我也是猜测,20,Fri Feb 28 09:27:34 +0800 2020,0,10,6339999536
127,4476873192808958,回复@做梦什么都会有:大哥，你一个非官方媒体，一个1月8号死亡案例，要我看啥子？,40,Fri Feb 28 09:26:48 +0800 2020,0,10,5092660224
128,4476873151504038,卧槽，大家都小心啊,9,Fri Feb 28 09:26:38 +0800 2020,214,10,5120525475
129,4476873054298930,太难了[感冒],7,Fri Feb 28 09:26:15 +0800 2020,213,10,6004382442
130,4476873029541178,回复@是葡萄味儿的西瓜:别曲解钟老的话！钟老原话是说发源地不一定在中国，但是还是首先考虑了中国。也就是说，现在是不是并没有定论！你直接曲解别人的话，这就是造谣！,80,Fri Feb 28 09:26:09 +0800 2020,0,10,1805281764
131,4476872861959237,回复@sunnerisity:带口罩在戴个围巾包住,25,Fri Feb 28 09:25:29 +0800 2020,0,10,5859419420
132,4476872672790759,回复@在环形山上看你:是的，我们要相信钟南山院士的话，起源不一定来自中国，国人不要给自己扣帽子啦[汗]而且欧洲爆发的责任在他们自己，前段时间真的很稳定，意大利爆发之后，欧洲才迅速增加,91,Fri Feb 28 09:24:44 +0800 2020,0,10,5116357332
133,4476872630987666,回复@多肉的闹闹:为什么我们会质疑美国，大家直接去看我微博转发的那两条 一条视频一条新闻。我们可能背黑锅了。快看。,57,Fri Feb 28 09:24:33 +0800 2020,0,10,3243299104
134,4476872501015752,美国一个流感死那么多人,11,Fri Feb 28 09:24:03 +0800 2020,212,10,1677827334
135,4476872387313121,是不是都是钻石公主那个船 闹的,15,Fri Feb 28 09:23:35 +0800 2020,211,10,1677827334
136,4476872353669860,世界一片红[挖鼻][伤心],13,Fri Feb 28 09:23:28 +0800 2020,210,10,1604434623
137,4476872241262635,怎么感觉中国才是“吹哨人”,13,Fri Feb 28 09:23:01 +0800 2020,209,10,5549981059
138,4476872173835741,回复@在环形山上看你:这反串也太假了，一时间分不清敌我,27,Fri Feb 28 09:22:44 +0800 2020,0,10,6063077032
139,4476872160987065,这个病毒太可怕了,8,Fri Feb 28 09:22:42 +0800 2020,208,10,6376795301
140,4476872093681224,其实这个病毒是外星人放下的，为了来改变人类基因的，病毒RNA基因片段将永远与人类共存，是否会在未来发生变异一切未知。瞎说的，根据长颈鹿突然进化成长脖子，整体基因配套变异来猜测，病毒在为下一次突变做准备。,101,Fri Feb 28 09:22:26 +0800 2020,207,10,5332169431
141,4476871993743144,让人类团结起来战胜病毒，全人类加油。世界和平，健康万岁！[加油],32,Fri Feb 28 09:22:02 +0800 2020,206,10,6319196884
142,4476871917824585,浪漫之都，暂时少接吻吧，不是开玩笑[生病],21,Fri Feb 28 09:21:44 +0800 2020,205,10,3247579965
143,4476871771481815,回复@紫_慕风:这层楼里面总算有一些有脑子的人出现了,26,Fri Feb 28 09:21:09 +0800 2020,0,10,5674250231
144,4476871712249670,回复@棒棒好棒棒:我叫你去看我转发的那两条新闻你就知道为什么网友会质疑美国了。你是医生吗？我不是医生，你让我和你讨论流行病学[喵喵],66,Fri Feb 28 09:20:55 +0800 2020,0,10,3243299104
145,4476871674915979,回复@多肉的闹闹:？,10,Fri Feb 28 09:20:46 +0800 2020,0,10,5229249366
146,4476871662302405,回复@是葡萄味儿的西瓜:造谣哦，钟南山说不一定是中国，,27,Fri Feb 28 09:20:43 +0800 2020,0,10,1740910341
147,4476871565577109,回复@pblllllll:问题是，真有吃蝙蝠的人吗？,26,Fri Feb 28 09:20:20 +0800 2020,0,10,1834491225
148,4476871376602003,回复@紫_慕风:美国每年流感都会死好几万人（全球好几十万）。,30,Fri Feb 28 09:19:35 +0800 2020,0,10,3268602230
149,4476871247051429,回复@国际撩汉指导师:前段时间不是一直在问有没有白人确诊吗？不是说这病毒只针对亚裔黄种人吗？怎么现在就没人提这种说法了？[二哈],64,Fri Feb 28 09:19:04 +0800 2020,0,10,5708858239
150,4476871183661810,回复@紫_慕风:个人觉得，他们资本主义国家不会太在意这些，因为在他们眼里这些都是优胜劣汰,44,Fri Feb 28 09:18:49 +0800 2020,0,10,1646734102
151,4476871125311866,回复@紫_慕风:为什么我们会质疑美国，大家直接去看我微博转发的那两条 一条视频一条新闻。我们可能背黑锅了。,53,Fri Feb 28 09:18:35 +0800 2020,0,10,3243299104
152,4476871057909823,回复@做梦什么都会有:我说不能质疑了？那就拿出流行病学一起讨论一下嘛,34,Fri Feb 28 09:18:18 +0800 2020,0,10,5092660224
153,4476870860763617,回复@国际撩汉指导师:觉得自己体质好，感染了也不会死,26,Fri Feb 28 09:17:31 +0800 2020,0,10,5870647956
154,4476870844420133,回复@紫_慕风:总感觉是新冠是流感变异过来的,22,Fri Feb 28 09:17:28 +0800 2020,0,10,6271687117
155,4476870811141906,，,1,Fri Feb 28 09:17:20 +0800 2020,204,10,6138297316
156,4476870563298116,[鼓掌][鼓掌],8,Fri Feb 28 09:16:21 +0800 2020,202,10,7390189398
157,4476870483982256,这怕是要步意大利得后尘,11,Fri Feb 28 09:16:02 +0800 2020,201,10,6571090314
158,4476870483620877,回复@紫_慕风:谁知道源头在不在美国，等科研人员的溯源结果吧,30,Fri Feb 28 09:16:02 +0800 2020,0,10,5411136917
159,4476870466663395,回复@1949-2048成功:还加一个 1945[加油],28,Fri Feb 28 09:15:57 +0800 2020,0,10,1594382932
160,4476870373953414,回复@多肉的闹闹:你有病吧？？,15,Fri Feb 28 09:15:36 +0800 2020,0,10,1465181457
161,4476870357386595,现在全球都应该重视起来，如果不肺炎的人数会逐渐上升!,26,Fri Feb 28 09:15:31 +0800 2020,200,10,6601523411
162,4476870333035017,回复@多肉的闹闹:西班牙墨西哥已经帮美国背两次黑锅了，还想让中国背第三次？？？,39,Fri Feb 28 09:15:26 +0800 2020,0,10,5543016168
163,4476870311127306,回复@多肉的闹闹:又是你。yxh……说这话就是去碰瓷的……,29,Fri Feb 28 09:15:21 +0800 2020,0,10,6640524991
164,4476870273696774,回复@多肉的闹闹:最后所有人都会埋怨甚至仇视才是真的[微笑],30,Fri Feb 28 09:15:12 +0800 2020,0,10,1996293701
165,4476870240725853,回复@東宑:美国流感已经一年了,15,Fri Feb 28 09:15:04 +0800 2020,0,10,1778337341
166,4476870231482634,最急的就是中国网友了，经历了长达一个多月不出门后看见别的地方不把这个病当回事就着急，着急的嘴上心里火烧火燎，人家就是不当回事，我现在真是怀疑他们有解药了，或者他们才是真正的战斗民族？,91,Fri Feb 28 09:15:02 +0800 2020,199,10,5362127491
167,4476870168796284,需要逆向全球化了么？,10,Fri Feb 28 09:14:47 +0800 2020,198,10,5070402034
168,4476870076515226,回复@国际撩汉指导师:他们不是不重视，是资本主义一切以钱为准，谁出钱防控,36,Fri Feb 28 09:14:25 +0800 2020,0,10,2760102855
169,4476869984517444,这要从一条船说起,8,Fri Feb 28 09:14:02 +0800 2020,197,10,6065273176
170,4476869976107942,回复@棒棒好棒棒:为什么我们不能质疑美国？你直接去看我微博转发的那两条 一条视频一条新闻。,45,Fri Feb 28 09:14:01 +0800 2020,0,10,3243299104
171,4476869975701837,回复@紫_慕风:死亡1万人，感染1900万！死亡率不是一个量级,31,Fri Feb 28 09:14:01 +0800 2020,0,10,5543986276
172,4476869913576036,回复@東宑:对你这种人真是无语，要是美国先传播的，为什么90%的病人集中在武汉，然后再各省然后再其他国家，而不是同时出现在全世界，一点脑子都没有,72,Fri Feb 28 09:13:46 +0800 2020,0,10,7144505578
173,4476869905165625,可怕的病毒🦠,6,Fri Feb 28 09:13:44 +0800 2020,196,10,2648988772
174,4476869837160114,回复@多肉的闹闹:这就是一个刷屏营销号,19,Fri Feb 28 09:13:28 +0800 2020,0,10,5798204313
175,4476869832945813,回复@多肉的闹闹:我开车撞了你，然后及时把你送医抢救，完了你是不是要感谢我？,38,Fri Feb 28 09:13:26 +0800 2020,0,10,1819475703
176,4476869817060751,回复@多肉的闹闹:？？？？确实现在说不一定是中国，可是有好多国家就是憨批国人出国导致的啊？？感谢个鬼呢[费解][费解][费解][费解],67,Fri Feb 28 09:13:23 +0800 2020,0,10,5413012051
177,4476869770245285,全球都该重视，可惜这只是我们自己的想法，人家根本不在乎这个[允悲],33,Fri Feb 28 09:13:11 +0800 2020,195,10,5496863004
178,4476869682055016,回复@Li-JY加油:营销号,14,Fri Feb 28 09:12:50 +0800 2020,0,10,5967928768
179,4476869648408545,感觉全球开始爆发了,9,Fri Feb 28 09:12:43 +0800 2020,194,10,7380478633
180,4476869624017296,回复@俯仰zqq:你看新闻了吗 海鲜市场不是病毒发源地[疑问],31,Fri Feb 28 09:12:36 +0800 2020,0,10,3218420942
181,4476869623177199,人权与瘟疫之战[二哈],11,Fri Feb 28 09:12:37 +0800 2020,193,10,1450862347
182,4476869602543147,也许他们跟美国一样都当成流感吧,15,Fri Feb 28 09:12:32 +0800 2020,192,10,3442765734
183,4476869589793847,世界大战。,5,Fri Feb 28 09:12:29 +0800 2020,191,10,6444754869
184,4476869527514096,回复@紫_慕风:两回事 不要再阴谋论了 症状啥的都不一样,28,Fri Feb 28 09:12:14 +0800 2020,0,10,7144505578
185,4476869481490811,回复@0907微笑:会不会是在武汉其他地方宰杀野味已经开始传播了，然后拿到海鲜市场卖加剧了传播,47,Fri Feb 28 09:12:03 +0800 2020,0,10,5092660224
186,4476869477277391,一个月前，我盼望着中国不要全红。现在，我盼望着全世界不要全红！注意反向输入病例，全国战疫的结果不能最后功亏一篑！！不然会伤了我们大家的心！！！,71,Fri Feb 28 09:12:01 +0800 2020,190,10,6619781167
187,4476869406010830,回复@不快乐花园:这可不就是传遍世界了嚒[拜拜],24,Fri Feb 28 09:11:45 +0800 2020,0,10,3218420942
188,4476869393382003,回复@soulhunter599:你自己看他的话，是什么意思,30,Fri Feb 28 09:11:41 +0800 2020,0,10,5700148666
189,4476869380026618,法国也开始了…………[跪了][跪了]这就是不重视的后果啊,28,Fri Feb 28 09:11:39 +0800 2020,189,10,5261623169
190,4476869279805936,不知道今年还能不能去欧洲度蜜月[泪],18,Fri Feb 28 09:11:15 +0800 2020,188,10,2887306620
191,4476869250620814,求求了，要上学啊,8,Fri Feb 28 09:11:08 +0800 2020,187,10,2060814767
192,4476869225614374,可怕,2,Fri Feb 28 09:11:01 +0800 2020,186,10,5533074759
193,4476869120113715,欧洲再不重视起来 那就是第二个韩国[微笑],21,Fri Feb 28 09:10:36 +0800 2020,185,10,1742517507
194,4476868990817850,回复@紫_慕风:理论依据说两句听听？,18,Fri Feb 28 09:10:06 +0800 2020,0,10,5092660224
195,4476868940332931,回复@江海如梦:他也没说肯定的啊,16,Fri Feb 28 09:09:54 +0800 2020,0,10,5792055240
196,4476868751784382,回复@多肉的闹闹:本来就是我们先爆发的啊？？,22,Fri Feb 28 09:09:09 +0800 2020,0,10,7373949039
197,4476868537728582,回复@多肉的闹闹:？？这逻辑？？？,17,Fri Feb 28 09:08:18 +0800 2020,0,10,5487918347
198,4476868465639588,回复@紫_慕风:如果美国流感是新冠早传遍世界了,23,Fri Feb 28 09:08:01 +0800 2020,0,10,1778337341
199,4476868457227170,回复@国际撩汉指导师:想回国[泪],17,Fri Feb 28 09:07:59 +0800 2020,0,10,3025817190
200,4476868222630241,标题能加“累计”两个字吗？乍看一眼以为是一天新增的，有点被吓到[允悲][笑cry],41,Fri Feb 28 09:07:03 +0800 2020,183,10,5751692833
201,4476868118220348,我昨天还看到热搜，他们有个采访游客说病毒是明天的事情，因为病毒取消活动就是有毛病(原话啥忘了),47,Fri Feb 28 09:06:38 +0800 2020,182,10,2307728777
202,4476868117625710,“明天的事情明天再管”,11,Fri Feb 28 09:06:38 +0800 2020,181,10,5069708771
203,4476868021280555,回复@财神姐:以前的热搜是各个城市，现在是各个国家，希望能重视起来,33,Fri Feb 28 09:06:15 +0800 2020,0,10,5863372003
204,4476867895599770,回复@多肉的闹闹:真的有这种没脑子的网友,20,Fri Feb 28 09:05:45 +0800 2020,0,10,2116608075
205,4476867715226683,这不是中国一个国家的敌人 要每个国家都要重视起来才可以取得最终胜利 加油！,37,Fri Feb 28 09:05:02 +0800 2020,180,10,6542648942
206,4476867686343343,回复@0907微笑:什么叫还有人说蝙蝠？ 本来之前专家已经说了发源地在华南海鲜 那自然会有部分关系 难道因为欧洲有了 就要全盘否定吃蝙蝠 否定吃野生动物吗,77,Fri Feb 28 09:04:54 +0800 2020,0,10,5659968617
207,4476867635678608,回复@国际撩汉指导师:现在全球都应该重视起来才可以,25,Fri Feb 28 09:04:43 +0800 2020,0,10,6542648942
208,4476867400259498,回复@失忆少年的梦:隐形的未来式生化战争根可怕，,24,Fri Feb 28 09:03:47 +0800 2020,0,10,1440362452
209,4476867321192381,回复@多肉的闹闹:感谢中国是不存在的[黑线],22,Fri Feb 28 09:03:27 +0800 2020,0,10,2301760851
210,4476867086533777,为什么欧洲就是冥顽不灵呢  都这样了还把不封境当炫耀  哎,29,Fri Feb 28 09:02:32 +0800 2020,179,10,7312607223
211,4476867040500676,回复@财神姐:意呆利:啥时候都不能阻止我去狂欢[二哈],27,Fri Feb 28 09:02:20 +0800 2020,0,10,5702599867
212,4476866943983854,回复@sunnerisity:你去多买点吃的喝的屯起来，少出门,31,Fri Feb 28 09:01:57 +0800 2020,0,10,5316028442
213,4476866930971329,回复@-小严Eills-:就算假如华南海鲜市场不是发源地  这个市场销售野生动物 就该判刑,45,Fri Feb 28 09:01:55 +0800 2020,0,10,6588164690
214,4476866645486846,现在国外也开始严重了，希望世界平安。,18,Fri Feb 28 09:00:47 +0800 2020,178,10,7243732010
215,4476866629079209,回复@国际撩汉指导师:中国人的人情味是 最温柔的,24,Fri Feb 28 09:00:43 +0800 2020,0,10,6457950914
216,4476866243124892,?好奇特的观点,7,Fri Feb 28 08:59:10 +0800 2020,0,10,5685268251
217,4476865533985470,严防控 严隔离,7,Fri Feb 28 08:56:22 +0800 2020,175,10,6738347485
218,4476865425461842,回复@国际撩汉指导师:所以我想回国[泪][泪][泪],26,Fri Feb 28 08:55:56 +0800 2020,0,10,1627959120
219,4476865370762206,回复@国际撩汉指导师:因为死亡率低，感染人数也相对少。任何国家在疫情没有爆发前都不会轻易大规模的管控行动，这点我们前期也是一样的。这次国内是大规模爆发了，所以觉得管控很有必要，要是先严控，然后没有爆发，社会舆论又会是另一番景象了。,115,Fri Feb 28 08:55:42 +0800 2020,0,10,5786877249
220,4476865186223099,抓紧时间啊,5,Fri Feb 28 08:54:59 +0800 2020,174,10,7308768307
221,4476864834171046,回复@晓瑜de昝:保护好自己,14,Fri Feb 28 08:53:34 +0800 2020,0,10,2628068365
222,4476864502489293,回复@0907微笑:还有,12,Fri Feb 28 08:52:16 +0800 2020,0,10,5980451930
223,4476864241964871,?,1,Fri Feb 28 08:51:14 +0800 2020,173,10,7092745585
224,4476863222706680,回复@国际撩汉指导师:有个人被打了…被骂中国病毒,24,Fri Feb 28 08:47:10 +0800 2020,0,10,5209004380
225,4476862673993763,巴黎还要举行时装周呢[吃瓜][吃瓜][吃瓜],22,Fri Feb 28 08:45:00 +0800 2020,171,10,5223354124
226,4476862602272373,加油,2,Fri Feb 28 08:44:43 +0800 2020,170,10,6273903776
227,4476862434584167,病例重灾区Oise 省离巴黎开车40分钟路程[跪了],26,Fri Feb 28 08:44:02 +0800 2020,168,10,7284434479
228,4476862418195907,🙏🙏🙏,3,Fri Feb 28 08:43:59 +0800 2020,167,10,6327004937
229,4476862056910589,。,1,Fri Feb 28 08:42:33 +0800 2020,166,10,7396473059
230,4476860878094353,强烈建议:每年2月6号定为“口罩节”，警告贪官污吏，纪念李医生！！！,34,Fri Feb 28 08:37:51 +0800 2020,164,10,1840976534
231,4476860757120815,回复@0907微笑:确实不一定是蝙蝠，但吃蝙蝠的人还是该骂,29,Fri Feb 28 08:37:23 +0800 2020,0,10,5314644870
232,4476860568381205,看法国还玩得那么嗨，暴涨也是意料之中了[跪了],23,Fri Feb 28 08:36:38 +0800 2020,163,10,5314644870
233,4476860232192948,~[抱抱][抱抱][心][心],15,Fri Feb 28 08:35:17 +0800 2020,162,10,5550092460
234,4476859968454453,“意大利伦巴第大区首府米兰市政府表示，正考虑逐步恢复当地博物馆等公共场所运营，但可能采取控制人流量等措施。  　　此外，法国总统马克龙于27日访问了意大利南部城市那不勒斯，并与意大利总理孔特会晤。马克龙重申，不会因新冠肺炎疫情而关闭法意边境。”,122,Fri Feb 28 08:34:15 +0800 2020,161,10,1977117847
235,4476859422984434,加油,2,Fri Feb 28 08:32:05 +0800 2020,160,10,6336713953
236,4476859415199146,回复@失忆少年的梦:生化武器直接致命，还让你能在床上治疗吗[喵喵],33,Fri Feb 28 08:32:03 +0800 2020,0,10,3598124081
237,4476859138023946,为啥都不戴口罩啊！！戴个口罩也不皿煮？侵犯人权？,24,Fri Feb 28 08:30:56 +0800 2020,159,10,1902603567
238,4476858701319272,西安把湖北和河南列为疫区，从河南返岗的一律劝返和酒店隔离（西安市2.13发布的66号文），以莲湖区为例，隔离费用每天约288元，14天即为4032元，这费用太高了，我们自愿抵抗疫情，可是也要生存啊（同事们都返回西安了，不返回可能面临失业风险），为抵抗疫情我们自愿居家隔离14天，同胞们把我顶上去！,148,Fri Feb 28 08:29:13 +0800 2020,158,10,5495710932
239,4476858365805292,1,1,Fri Feb 28 08:27:53 +0800 2020,156,10,5943682988
240,4476857879764851,真是全球大爆发😱！真是灾难性的一年，希望快点过去！,25,Fri Feb 28 08:25:57 +0800 2020,155,10,7330226738
241,4476856826452290,回复@0907微笑:不会是蝙蝠,15,Fri Feb 28 08:21:46 +0800 2020,0,10,5147181292
242,4476856147028882,回复@国际撩汉指导师:他们觉得死亡率低，根本看不到咱们国家投入了多少医疗资源,38,Fri Feb 28 08:19:03 +0800 2020,0,10,7057380696
243,4476856139034781,源头不一定是中国🇨🇳把新冠病毒直接命名中国病毒的某些媒体，请问脸疼不?????,39,Fri Feb 28 08:19:02 +0800 2020,154,10,6167666140
244,4476855740090901,@wu2198,7,Fri Feb 28 08:17:27 +0800 2020,152,10,1697442011
245,4476855359207092,是不是都等着中国的疫苗呢,12,Fri Feb 28 08:15:56 +0800 2020,150,10,6259409781
246,4476854428153520,法国病毒,4,Fri Feb 28 08:12:14 +0800 2020,149,10,3183053804
247,4476853479477931,早说过，以武汉的地理位置，都很难跑掉,18,Fri Feb 28 08:08:28 +0800 2020,148,10,5888862728
248,4476853287340888,加油,2,Fri Feb 28 08:07:42 +0800 2020,147,10,3905429800
249,4476852032323628,回复@西西澳奥:这边很早之前就买不到口罩了[衰]进药妆店都不用问店员就会说没口罩了…,42,Fri Feb 28 08:02:42 +0800 2020,0,10,3625325952
250,4476851868888490,希望都早点重视起来，这个传染得太厉害了🙏🙏,21,Fri Feb 28 08:02:04 +0800 2020,146,10,5873863326
251,4476851353180418,挺住！,3,Fri Feb 28 08:00:01 +0800 2020,145,10,6989171841
252,4476851194414222,不,1,Fri Feb 28 07:59:23 +0800 2020,144,10,7394346320
253,4476850837023173,刚举行完狂欢节,7,Fri Feb 28 07:57:58 +0800 2020,143,10,5512090110
254,4476850673362580,🙏🙏,2,Fri Feb 28 07:57:19 +0800 2020,142,10,2880819490
255,4476849562071802,回复@鲁佳斌jeff:防护措施做做好吧，巴黎目测是有不少的,29,Fri Feb 28 07:52:54 +0800 2020,0,10,2264557374
256,4476849344075789,全球都有了啊[打脸],10,Fri Feb 28 07:52:02 +0800 2020,138,10,3774614892
257,4476849331113256,回复@sunnerisity:多屯点口罩,20,Fri Feb 28 07:51:59 +0800 2020,0,10,5524233681
258,4476848941901648,回复@Paris巴黎星空:其实他也不去药店看看，哪里还有口罩啊，根本买不到。所以他也不敢说让大家去买[允悲],54,Fri Feb 28 07:50:26 +0800 2020,0,10,1918969610
259,4476848908521281,全球都有了呀，好可怕😱,11,Fri Feb 28 07:50:17 +0800 2020,137,10,3486728614
260,4476848807386939,法国卫生部部长发表公开讲话，跟大家说不用带口罩……………,28,Fri Feb 28 07:49:54 +0800 2020,136,10,1918969610
261,4476848241254518,戴个屁的口罩，法国根本买不到口罩了,17,Fri Feb 28 07:47:39 +0800 2020,135,10,5634404817
262,4476848178140537,欧洲病毒扩散我认为会比中国更厉害,16,Fri Feb 28 07:47:24 +0800 2020,134,10,3942351511
263,4476848157565387,明天要去巴黎，我最担心的倒不是病毒，而是司机罢工[doge],30,Fri Feb 28 07:47:19 +0800 2020,133,10,5227857547
264,4476847704000569,世界平安,4,Fri Feb 28 07:45:30 +0800 2020,132,10,7378569504
265,4476847536974113,法国前两天还是11或12来着,14,Fri Feb 28 07:44:51 +0800 2020,131,10,1250245444
266,4476847461315005,看见了,3,Fri Feb 28 07:44:33 +0800 2020,130,10,6372071509
267,4476847326553359,不要再增加了[悲伤][悲伤][悲伤]🙏🙏🙏🙏🙏🙏🙏,25,Fri Feb 28 07:44:01 +0800 2020,129,10,1825564295
268,4476846936506162,欧冠，那人山人海，不照样踢,13,Fri Feb 28 07:42:27 +0800 2020,128,10,7346953105
269,4476846215026431,人类命运共同体,7,Fri Feb 28 07:39:36 +0800 2020,127,10,5905724465
270,4476846185930770,说新冠只针对中国人基因的大V，公知在哪里？出来走一走，解释一下意大利，法国，德国的疫情状况。,46,Fri Feb 28 07:39:29 +0800 2020,126,10,1739967220
271,4476846181288264,回复@财神姐:法国里昂26号是欧冠比赛，有三千名意大利球迷前去观看了比赛，入场没有措施。。戴口罩不许入场，扔掉才给进去。。[拜拜][拜拜] 可怕[跪了][跪了],80,Fri Feb 28 07:39:27 +0800 2020,0,10,2027785477
272,4476846051707313,回复@哟哟小胖饲养员:是的！大不了不出门就是了…[失望],28,Fri Feb 28 07:38:57 +0800 2020,0,10,3625325952
273,4476845967659352,但愿他们能重视,7,Fri Feb 28 07:38:37 +0800 2020,125,10,3759211243
274,4476845947209475,回复@火锅烧烤汉堡包:嗯嗯！,14,Fri Feb 28 07:38:32 +0800 2020,0,10,3625325952
275,4476845900976000,地球生病了,5,Fri Feb 28 07:38:21 +0800 2020,124,10,5713085183
276,4476845716283602,法国也来了。,6,Fri Feb 28 07:37:37 +0800 2020,123,10,6507938164
277,4476845703945307,要席卷全球吗,6,Fri Feb 28 07:37:33 +0800 2020,122,10,1179941637
278,4476845527084074,不要再扩散了，我想去看樱花🌸#抗疫行动#,20,Fri Feb 28 07:36:51 +0800 2020,121,10,6015968974
279,4476845468249342,法国是我最喜欢的国家之一，法国加油,17,Fri Feb 28 07:36:37 +0800 2020,120,10,6564182910
280,4476845355206664,回复@心安即是强大:我们都7，8万了，还笑人家,23,Fri Feb 28 07:36:11 +0800 2020,0,10,1303204717
281,4476845342433940,消灭黄马甲,5,Fri Feb 28 07:36:08 +0800 2020,119,10,1077921771
282,4476845296835862,国外挺住,4,Fri Feb 28 07:35:56 +0800 2020,118,10,5717924390
283,4476844876766068,今年奥运会取消了吧。,10,Fri Feb 28 07:34:17 +0800 2020,116,10,1729320961
284,4476844584152308,点亮全球[doge],10,Fri Feb 28 07:33:07 +0800 2020,114,10,6017611009
285,4476844424236466,差距,2,Fri Feb 28 07:32:29 +0800 2020,112,10,5696208495
286,4476844290249593,回复@好难改啊名字:根本没有人戴口罩，我们也不敢戴，怕被歧视,30,Fri Feb 28 07:31:57 +0800 2020,0,10,2608714847
287,4476844189206504,最佩服这些营销号了，它们上知天文下知地理，精通化学掌握物理，熟稔外文精析古语，纵横外交捭阖伦理。它们秒占一线媒体评论，它们复制粘贴深有底蕴。它们啥是热点往哪去混，它们通宵微博白天不困，它们走进科学且能神棍，它们武超孙吴理盖牛顿,113,Fri Feb 28 07:31:33 +0800 2020,110,10,1661537734
288,4476844088635649,诺曼底也登陆了？,8,Fri Feb 28 07:31:09 +0800 2020,109,10,3318353993
289,4476844071825031,卫生部长不当回事 真是太难了[泪],17,Fri Feb 28 07:31:05 +0800 2020,108,10,5262205105
290,4476843920555465,大家不要掉以轻心，胜利还没有来,15,Fri Feb 28 07:30:29 +0800 2020,107,10,7299785028
291,4476843845912931,我们管控的这么严，不要让输入人群，使我们的疫情阻击战功亏一篑呀,31,Fri Feb 28 07:30:11 +0800 2020,106,10,6367392670
292,4476843753708644,#全球抗疫第一线##法国确诊新冠肺炎病例38例# 当地时间2月27日晚间，据法国媒体报道，法国卫生部长韦兰在当天举行的新闻发布会上表示，法国累计确诊新冠肺炎病例38例，正面临着确诊感染人数的“大幅增加”。#共同战疫# #抗疫行动# #环保热点聚焦# ,125,Fri Feb 28 07:29:49 +0800 2020,105,10,3468000640
293,4476843698874509,欧洲全面爆发,6,Fri Feb 28 07:29:35 +0800 2020,104,10,1893283942
294,4476843560630227,回复@晓瑜de昝:那口罩复用呢？,16,Fri Feb 28 07:29:02 +0800 2020,0,10,1749852027
295,4476843359409151,这传播速度也太快了，千万要注意反向输入，我国战疫不能最后功亏一篑啊,33,Fri Feb 28 07:28:14 +0800 2020,103,10,5941115950
296,4476843325336523,[good],6,Fri Feb 28 07:28:07 +0800 2020,102,10,6073683505
297,4476843275357345,回复@sunnerisity:命和被骂来说，命重要[心]抱抱你,31,Fri Feb 28 07:27:55 +0800 2020,0,10,2177658142
298,4476843211915275,在巴黎每天挤地铁上班慌死了，法国人还没一个戴口罩的，心真是大，明天必须戴口罩去上班了，命重要😷,47,Fri Feb 28 07:27:40 +0800 2020,101,10,1892485442
299,4476843187364355,还是不带口罩。,7,Fri Feb 28 07:27:34 +0800 2020,100,10,1711811062
300,4476843170547177,回复@sunnerisity:抱抱，不管他们说什么咱们自己的安全最重要,35,Fri Feb 28 07:27:29 +0800 2020,0,10,5238513454
301,4476843119445136,法国佬，见面别贴脸了，那样最容易传播新冠病毒[允悲][允悲][允悲],34,Fri Feb 28 07:27:18 +0800 2020,98,10,5470182293
302,4476843069351883,一开始不重视。等重视的时候晚了。,16,Fri Feb 28 07:27:06 +0800 2020,97,10,1729320961
303,4476843019371886,为什么其他国家好像不重视呢？,14,Fri Feb 28 07:26:54 +0800 2020,96,10,6366511722
304,4476842608679201,我就看法国人什么时候开始戴口罩,15,Fri Feb 28 07:25:16 +0800 2020,94,10,1892485442
305,4476842465660980,这应该是全世界了吧,9,Fri Feb 28 07:24:42 +0800 2020,93,10,5863060616
306,4476842440835082,@dylanberry 啊啊啊,15,Fri Feb 28 07:24:36 +0800 2020,92,10,2247951942
307,4476842322938678,回复@贲晗:[弱][弱],12,Fri Feb 28 07:24:08 +0800 2020,0,10,3066392071
308,4476842268668176,外国人永久居留管理条例我们可以反对么？,19,Fri Feb 28 07:23:54 +0800 2020,91,10,1901108057
309,4476842243460206,一刀切啊，把老外都隔离起来呗！！反正对湖北人就是这样的，对自己人狠的不行，对老外不会毕恭毕敬吧？,48,Fri Feb 28 07:23:49 +0800 2020,90,10,3066392071
310,4476842142973029,回复@国际撩汉指导师:可怕的很…我今天带口罩被一个老妇人追着骂fu*k u[失望],41,Fri Feb 28 07:23:25 +0800 2020,0,10,3625325952
311,4476842134566261,咋有那么多国家都有新冠肺炎了？,15,Fri Feb 28 07:23:22 +0800 2020,89,10,5931393081
312,4476842054361529,[吃惊][吃惊][吃惊],12,Fri Feb 28 07:23:04 +0800 2020,88,10,2155468112
313,4476841978628897,[允悲],4,Fri Feb 28 07:22:46 +0800 2020,87,10,5838256131
314,4476841962215106,#香港确诊患者的宠物狗对新冠病毒呈弱阳性反应#能不能管管流浪狗啊。,33,Fri Feb 28 07:22:42 +0800 2020,86,10,5527943351
315,4476841823996804,[赞],3,Fri Feb 28 07:22:09 +0800 2020,85,10,6208047554
316,4476841718837757,遍地啦,3,Fri Feb 28 07:21:44 +0800 2020,84,10,2038056107
317,4476841610281265,*该！,3,Fri Feb 28 07:21:18 +0800 2020,82,10,6506692902
318,4476841488065361,一定要隔离戒严，查活动轨迹，接触到的所有人登记隔离，一定要重视起来！,34,Fri Feb 28 07:20:49 +0800 2020,81,10,6913323431
319,4476841467648406,回复@国际撩汉指导师:一点都不重视，总理说没必要戴口罩，勤洗手就行。不让戴口罩是因为怕国民发现根本没有口罩可买,55,Fri Feb 28 07:20:44 +0800 2020,0,10,2608714847
320,4476841437914546,回复@财神姐:不会的，他们还在忙着聚会,19,Fri Feb 28 07:20:37 +0800 2020,0,10,2708814877
321,4476841307690511,回复@心安即是强大:其实他们政府还行 但是民众真的8行,27,Fri Feb 28 07:20:06 +0800 2020,0,10,3550942073
322,4476840926185068,潘多拉打开这就关不上了吗？现在谁也不能相信，包括自己，因为你自己都不能确定接触的人是不是携带病毒，不聚集，不扎堆，勤洗手，带口罩，说到口罩，什么时候能买到。,78,Fri Feb 28 07:18:34 +0800 2020,80,10,2150968445
323,4476840880629139,法国一天增加了20例？昨天还是累计18例,20,Fri Feb 28 07:18:24 +0800 2020,79,10,7333400124
324,4476840842809821,时代的每一粒灰尘落到个人头上，就可能是一座山。,23,Fri Feb 28 07:18:15 +0800 2020,78,10,6986164294
325,4476840825737134,[微笑],4,Fri Feb 28 07:18:11 +0800 2020,76,10,3180674591
326,4476840825191851,天呐,2,Fri Feb 28 07:18:11 +0800 2020,77,10,6912818296
327,4476840804188788,他们还有黄马甲运动,9,Fri Feb 28 07:18:06 +0800 2020,75,10,1088911720
328,4476840788174657,中国人要团结起来，让事实证明，我们是最优秀的。加油！,26,Fri Feb 28 07:18:01 +0800 2020,74,10,7346953105
329,4476840771112824,怎么，没完了这是？,9,Fri Feb 28 07:17:58 +0800 2020,73,10,5985358509
330,4476840670012384,加油 要挺住,6,Fri Feb 28 07:17:34 +0800 2020,71,10,7065490915
331,4476840657589234,法国要加油！我还想去巴黎看艾菲尔铁塔!,19,Fri Feb 28 07:17:31 +0800 2020,70,10,6972744583
332,4476840640603873,欧美快点重视吧，这是恶性传染病呀。各省都要绷紧防控这根弦，严控疫情输入，外国入境人员最好集中隔离，居家隔离管控一定要像对待中国人一样严格，到宁夏的一个境外输入病人一路牵连了几百人，这就是个惨痛的教训！疫线医护人员和工作人员太辛苦了，千万不要再让辛苦升级，千万不要再让团聚延期！,138,Fri Feb 28 07:17:26 +0800 2020,69,10,5100914041
333,4476840586982001,我总感觉美国快要爆发了,11,Fri Feb 28 07:17:13 +0800 2020,65,10,6835637569
334,4476840578034391,一夜之间法国也这么多，能不能重视起来啊，每天看的很惶恐啊，就在法国边境[抓狂][抓狂][抓狂],47,Fri Feb 28 07:17:12 +0800 2020,64,10,6344801161
335,4476840573828387,不戴口罩，不许上街。,10,Fri Feb 28 07:17:11 +0800 2020,63,10,5055710976
336,4476840536561347,欧洲的各位能不能重视起来[跪了][跪了],20,Fri Feb 28 07:17:02 +0800 2020,62,10,6623744379
337,4476840489625445,之前是每天早上起来看到各省的新增病例，现在都是各国的了,27,Fri Feb 28 07:16:51 +0800 2020,61,10,1662618470
338,4476840444162074,别天天抄作业抄作业了，尴尬症了都要。也别天天命运共同体感动自己了。各国看我们什么心态，对我们什么态度心里没点数[汗],58,Fri Feb 28 07:16:40 +0800 2020,59,10,1760984732
339,4476840439202376,现在才真正体会“全球命运共同体”的真正意义!地球加油!,27,Fri Feb 28 07:16:38 +0800 2020,58,10,6724397575
340,4476840422663195,最后所有人都会感谢中国，源头真的不一定是中国,22,Fri Feb 28 07:16:35 +0800 2020,57,10,5981621399
341,4476840284949428,最怕全球蔓延，这天还是来了,13,Fri Feb 28 07:16:02 +0800 2020,54,10,7372801219
342,4476840163355937,美国流感死亡这么多人，是不是就是没重视，把新冠划拉进去的😅,29,Fri Feb 28 07:15:33 +0800 2020,51,10,3183665513
343,4476840150750223,回复@国际撩汉指导师:也可能当回事了但防不住，欧盟尤其申根区国家没有边界，想来就来想走就走，攻击一时半会很难重新建立管制[跪了],64,Fri Feb 28 07:15:30 +0800 2020,0,10,2008532373
344,4476840137252994,快点 全部给我重视起来！不然地球整个就病了！！！,24,Fri Feb 28 07:15:26 +0800 2020,49,10,6004936654
345,4476840104527205,昨天欧冠 想想都可怕😱,11,Fri Feb 28 07:15:19 +0800 2020,47,10,2790138003
346,4476840087104248,国外疫情呈现扩散之势，当下最关键是预防国外疫情输入，保护我们来之不易的抗疫成果，那么多人的付出和牺牲，我们一定要守住。,59,Fri Feb 28 07:15:15 +0800 2020,46,10,1227407741
347,4476840053496521,必须控制入镜,6,Fri Feb 28 07:15:07 +0800 2020,45,10,2559503111
348,4476840049491945,4例情况比较重的是埃及旅行回来的，新增病例基本都跟中国无关,29,Fri Feb 28 07:15:05 +0800 2020,44,10,6515606764
349,4476840032490940,我我我所以说钟老先生说发源地不一定是在中国啊一切都揭露真相了 有病例一定要及时报备数据 全世界人民团结一心这样才能早日挺过难关,63,Fri Feb 28 07:15:02 +0800 2020,43,10,6484429809
350,4476840028292247,[晕],3,Fri Feb 28 07:15:01 +0800 2020,42,10,5109047195
351,4476840024086230,我觉得这病毒真的跟超高级智能隐形杀人武器一样，又鸡贼杀伤力又大，范围有广，生化武器也不过如此了吧[摊手],52,Fri Feb 28 07:14:59 +0800 2020,41,10,6072731481
352,4476840007698579,回复@国际撩汉指导师:因为我们把人民的生命健康放在第一位，他们不见得！,35,Fri Feb 28 07:14:56 +0800 2020,0,10,3784647275
353,4476840003086920,标题党，新闻要严谨，不要总想着来个大新闻博人眼球,24,Fri Feb 28 07:14:55 +0800 2020,40,10,1711600291
354,4476839995352560,回复@0907微笑:不一定是蝙蝠啊 而且海鲜市场一定不是发源地,31,Fri Feb 28 07:14:52 +0800 2020,0,10,3550942073
355,4476839987131040,希望都赶快好起来！,9,Fri Feb 28 07:14:51 +0800 2020,39,10,6384338910
356,4476839978082253,哎，所以之前说中国做的很好了,14,Fri Feb 28 07:14:49 +0800 2020,38,10,7063228795
357,4476839973679052,哎,1,Fri Feb 28 07:14:48 +0800 2020,37,10,2623105341
358,4476839924100037,法国一夜间20人,8,Fri Feb 28 07:14:36 +0800 2020,35,10,5629560739
359,4476839924099245,让人着急啊,5,Fri Feb 28 07:14:35 +0800 2020,34,10,1695325740
360,4476839890135796,加强防控,4,Fri Feb 28 07:14:28 +0800 2020,33,10,1925028475
361,4476839877706548,希望他们能重视  做好防护,13,Fri Feb 28 07:14:25 +0800 2020,32,10,5318927435
362,4476839869130218,欧洲这是要遍地开花[doge],15,Fri Feb 28 07:14:23 +0800 2020,31,10,6015696469
363,4476839865537883,蔓延全球了[泪],8,Fri Feb 28 07:14:22 +0800 2020,30,10,5902951615
364,4476839865099134,意呆利要点亮欧洲？,9,Fri Feb 28 07:14:21 +0800 2020,29,10,3819528049
365,4476839852326647,回复@国际撩汉指导师:人家在上街庆祝呢[吃瓜]带口罩一个人出去还得揍你[吃瓜],39,Fri Feb 28 07:14:18 +0800 2020,0,10,3550942073
366,4476839789580571,希望不要再扩散了,8,Fri Feb 28 07:14:04 +0800 2020,28,10,3847103633
367,4476839784887522,全球战疫 刻不容缓 建议防输入,15,Fri Feb 28 07:14:03 +0800 2020,27,10,2176395381
368,4476839760322382,怎么才这么点,6,Fri Feb 28 07:13:57 +0800 2020,26,10,5958552845
369,4476839735541465,重视起来吧，不然全球泛滥,12,Fri Feb 28 07:13:51 +0800 2020,25,10,3808762401
370,4476839735115375,一定要重视起来啊，不要在大面积扩散了,18,Fri Feb 28 07:13:51 +0800 2020,24,10,1790615237
371,4476839734735162,法国居然也有这么多了？,11,Fri Feb 28 07:13:50 +0800 2020,23,10,1997778642
372,4476839730774209,中国已经给出了很棒的中国方案 希望国际社会参考 世界加油！,29,Fri Feb 28 07:13:50 +0800 2020,22,10,5510444739
373,4476839718310907,严防入境,4,Fri Feb 28 07:13:47 +0800 2020,20,10,2280069477
374,4476839709905664,今年这是怎么了,7,Fri Feb 28 07:13:45 +0800 2020,19,10,5613098281
375,4476839688527965,胜利马上到来！中国加油！武汉加油！,17,Fri Feb 28 07:13:40 +0800 2020,17,10,6797739093
376,4476839676162592,欧洲的各位能不能重视起来[跪了][跪了],20,Fri Feb 28 07:13:37 +0800 2020,16,10,5957836097
377,4476839671722714,[doge],6,Fri Feb 28 07:13:36 +0800 2020,15,10,6376801840
378,4476839668312542,快来抄中国作业！[doge],14,Fri Feb 28 07:13:35 +0800 2020,14,10,6576076699
379,4476839651499609,这个传播速度太快了，这时候都不要乱跑了，,20,Fri Feb 28 07:13:31 +0800 2020,13,10,2592330551
380,4476839642317481,[衰]太快了,6,Fri Feb 28 07:13:29 +0800 2020,12,10,1348763921
381,4476839634535864,现在还有人说蝙蝠嘛？,10,Fri Feb 28 07:13:26 +0800 2020,10,10,1646049370
382,4476839617613667,严格执行,4,Fri Feb 28 07:13:23 +0800 2020,8,10,2818498317
383,4476839613949676,对啊，一夜之间法国也有这么多了,15,Fri Feb 28 07:13:22 +0800 2020,0,10,6124800535
384,4476839600571365,现在真的是全球爆发了,10,Fri Feb 28 07:13:19 +0800 2020,7,10,5316417110
385,4476839592407204,？？,2,Fri Feb 28 07:13:16 +0800 2020,6,10,7395390290
386,4476839563527167,法国也……,5,Fri Feb 28 07:13:10 +0800 2020,5,10,5185817263
387,4476839545959277,？？？？？？？？这么多,11,Fri Feb 28 07:13:06 +0800 2020,4,10,5336508722
388,4476839542372562,[给你小心心][给你小心心],14,Fri Feb 28 07:13:05 +0800 2020,3,10,1774258381
389,4476839517155355,为什么我们这么重视，他们却偏偏不当回事 这是要点亮欧洲了啊！形式严峻！注意反向输入病例，全国战疫的结果不能最后功亏一篑！！不然会伤了我们大家的心！！！,75,Fri Feb 28 07:12:58 +0800 2020,2,10,2591242720
